[
    {
        "producto": "Nike Netcom7",
        "precio": "30€",
        "categoria": "Woman's Training Shoes",
        "imagen": "./image-49.jpg"
    },
    {
        "producto": "Nike Netcom8",
        "precio": "45€",
        "categoria": "Woman's Training Shoes",
        "imagen": "./image-50.jpg"
    },
    {
        "producto": "Nike Netcom9",
        "precio": "40€",
        "categoria": "Woman's Training Shoes",
        "imagen": "./image-52.jpg"
    },
    {
        "producto": "Nike Netcom10",
        "precio": "50€",
        "categoria": "Woman's Training Shoes",
        "imagen": "./image-53.jpg"
    },
    {
        "producto": ">Nike ChandKom4",
        "precio": "80€",
        "categoria": "Woman's Training Chandal",
        "imagen": "./image-54.jpg"
    },
    {
        "producto": "Nike Netcom11",
        "precio": "30€",
        "categoria": "Woman's Training Shoes",
        "imagen": "./image-55.jpg"
    },
    {
        "producto": "Nike Netcom12",
        "precio": "50€",
        "categoria": "Woman's Training Shoes",
        "imagen": "./image-56.jpg"
    },
    {
        "producto": "Nike Netcom13",
        "precio": "45€",
        "categoria": "Woman's Training Shoes",
        "imagen": "./image-57.jpg"
    },
    {
        "producto": "Nike Netcom15",
        "precio": "40€",
        "categoria": "Woman's Training Shoes",
        "imagen": "./image-59.jpg"
    },
    {
        "producto": "Nike Netcom16",
        "precio": "35€",
        "categoria": "Woman's Training Shoes",
        "imagen": "./image-60.jpg"
    },
    {
        "producto": "Nike Shortcom7",
        "precio": "50€",
        "categoria": "Woman's Training Short",
        "imagen": "./image-61.jpg"
    }
]