<xml version="1.0" encoding="utf-8">
<libros>
    <libro>
        <titulo>El baston Runico</titulo>
        <autor>Michael Moorckock</autor>
        <descripcion>fantasia oscura</descripcion>
        <portada>El baston Runico.webp</portada>
    </libro>
    <libro>
        <titulo>La serpiente Uroboros</titulo>
        <autor>Eric Rücker Eddison</autor>
        <descripcion>fantasia clasica</descripcion>
        <portada>La serpiente Uroboros.webp</portada>
    </libro>
    <libro>
        <titulo>Gusanos en la Tierra</titulo>
        <autor>Robert E. Howard</autor>
        <descripcion>Espada y brujeria</descripcion>
        <portada>Gusanos en la Tierra.webp</portada>
    </libro>
    <libro>
        <titulo>Añoranzas y pesares</titulo>
        <autor>Tad Williams</autor>
        <descripcion>fantasia clasica</descripcion>
        <portada>Añoranzas y pesares.webp</portada>
    </libro>
    <libro>
        <titulo>El color de la magia</titulo>
        <autor>Terry Pratchett</autor>
        <descripcion>fantasia comedia</descripcion>
        <portada>El color de la magia.webp</portada>
    </libro>
    <libro>
        <titulo>El Señor de los anillos</titulo>
        <autor>J.R.R. Tolkien</autor>
        <descripcion>fantasia oscura</descripcion>
        <portada>El Señor de los Anillos.webp</portada>
    </libro>
</libros>